--
-- Скрипт сгенерирован Devart dbForge Studio 2020 for MySQL, Версия 9.0.505.0
-- Домашняя страница продукта: http://www.devart.com/ru/dbforge/mysql/studio
-- Дата скрипта: 23.12.2023 9:09:38
-- Версия сервера: 5.7.29
-- Версия клиента: 4.1
--

-- 
-- Отключение внешних ключей
-- 
/*!40014 SET @OLD_FOREIGN_KEY_CHECKS=@@FOREIGN_KEY_CHECKS, FOREIGN_KEY_CHECKS=0 */;

-- 
-- Установить режим SQL (SQL mode)
-- 
/*!40101 SET @OLD_SQL_MODE=@@SQL_MODE, SQL_MODE='NO_AUTO_VALUE_ON_ZERO' */;

-- 
-- Установка кодировки, с использованием которой клиент будет посылать запросы на сервер
--
SET NAMES 'utf8';

--
-- Установка базы данных по умолчанию
--
USE `order`;

--
-- Удалить таблицу `excel_data`
--
DROP TABLE IF EXISTS excel_data;

--
-- Удалить таблицу `orders`
--
DROP TABLE IF EXISTS orders;

--
-- Удалить таблицу `order_goods`
--
DROP TABLE IF EXISTS order_goods;

--
-- Удалить таблицу `users`
--
DROP TABLE IF EXISTS users;

--
-- Установка базы данных по умолчанию
--
USE `order`;

--
-- Создать таблицу `users`
--
CREATE TABLE users (
  id int(10) UNSIGNED NOT NULL AUTO_INCREMENT,
  name varchar(256) NOT NULL,
  email varchar(256) NOT NULL,
  pass varchar(256) NOT NULL,
  isAllowedUpload tinyint(1) NOT NULL DEFAULT 0,
  PRIMARY KEY (id)
)
ENGINE = INNODB,
AUTO_INCREMENT = 7,
AVG_ROW_LENGTH = 16384,
CHARACTER SET utf8mb4,
COLLATE utf8mb4_unicode_ci;

--
-- Создать индекс `email` для объекта типа таблица `users`
--
ALTER TABLE users
ADD UNIQUE INDEX email (email);

--
-- Создать таблицу `order_goods`
--
CREATE TABLE order_goods (
  id int(10) NOT NULL AUTO_INCREMENT COMMENT 'Номер позиции',
  order_id varchar(256) NOT NULL COMMENT 'Номер заказа',
  code varchar(256) NOT NULL COMMENT 'Код номенклатуры',
  product_name varchar(256) NOT NULL COMMENT 'Название товара',
  spec varchar(256) NOT NULL COMMENT 'Характеристики товара',
  qty int(10) NOT NULL COMMENT 'Количество',
  price float NOT NULL COMMENT 'Цена',
  PRIMARY KEY (id)
)
ENGINE = INNODB,
AUTO_INCREMENT = 58,
AVG_ROW_LENGTH = 381,
CHARACTER SET utf8mb4,
COLLATE utf8mb4_unicode_ci;

--
-- Создать таблицу `orders`
--
CREATE TABLE orders (
  id varchar(10) NOT NULL COMMENT 'Номер заказа',
  date_create varchar(256) NOT NULL COMMENT 'Дата создания',
  sum float NOT NULL COMMENT 'Сумма',
  status_id tinyint(11) NOT NULL DEFAULT 1 COMMENT 'Статус',
  PRIMARY KEY (id)
)
ENGINE = INNODB,
AVG_ROW_LENGTH = 127,
CHARACTER SET utf8mb4,
COLLATE utf8mb4_unicode_ci;

--
-- Создать таблицу `excel_data`
--
CREATE TABLE excel_data (
  id int(10) UNSIGNED NOT NULL AUTO_INCREMENT,
  code varchar(12) DEFAULT NULL,
  name varchar(256) DEFAULT NULL,
  descr varchar(256) DEFAULT NULL,
  amount varchar(10) DEFAULT NULL,
  price varchar(10) DEFAULT NULL,
  summ varchar(10) DEFAULT NULL,
  PRIMARY KEY (id)
)
ENGINE = INNODB,
AUTO_INCREMENT = 19,
AVG_ROW_LENGTH = 163,
CHARACTER SET utf8mb4,
COLLATE utf8mb4_unicode_ci;

-- 
-- Вывод данных для таблицы users
--
INSERT INTO users VALUES
(1, 'serg', '123@123.com', '$2y$10$pGtdB3i6ZptEwgFcFZyyk.BjbAaryV8KDVGEIAAeA1sMDhHVMC5o.', 1),
(3, 'Сергей', 'admin@123.com', '$2y$10$NL9L9LzuOMYdTo.7D9CwbeciVll9vT1.Id28q1MtyVCWrYoC2x4XW', 0),
(5, 'Jonas Schmedtmann_', '1@123.com', '$2y$10$SCR55HEL8s1GqdfH/Qo4J.67PTl0lEmBlW1f4r8AOAZwYdfOopuPq', 1),
(6, 'vas', '1@1.com', '$2y$10$49mcb1YLohSE0x3ITn/gg.uBn73LLzTk7hqk7K9S8AY.SHMpS2vD6', 0);

-- 
-- Вывод данных для таблицы order_goods
--
INSERT INTO order_goods VALUES
(1, 'order_1', '000121995', 'Бачок, BK213R700AB, -', 'хар.: 8708 99 97 98 (Імп), кач.: Новый', 2, 48.64),
(2, 'order_1', '000122002', 'Болт, 4C1R7J090AA, -', 'хар.: 7318 15 82 90 (Імп), кач.: Новый', 3, 38.03),
(3, 'order_1', '000072728', 'Амортизатор, 88271239901, VIKA', 'хар.: 8302 30 00 90 (Імп), кач.: Новый', 6, 53.39),
(4, 'order_1', '000030012', 'Болт, 4840942030, -', 'хар.: 7318 15 82 90 (Імп), кач.: Новый', 8, 41.51),
(5, 'order_1', '000072735', 'Амортизатор, 88271793501, VIKA', 'хар.: 8302 30 00 90 (Імп), кач.: Новый', 1, 35.8),
(6, 'order_2', '000081778', 'Блок, 99591796801, VIKA', 'хар.: 8536 50 11 90 (Імп), кач.: Новый', 1, 46.08),
(7, 'order_2', '000081769', 'Блок, 99590390401, VIKA', 'хар.: 8536 50 11 90 (Імп), кач.: Новый', 3, 30.72),
(8, 'order_2', '000121952', 'Антена, BK2T15607AC, -', 'хар.: 8529 10 11 90 (Імп), кач.: Новый', 2, 44.25),
(9, 'order_2', '000081778', 'Блок, 99591796801, VIKA', 'хар.: 8536 50 11 90 (Імп), кач.: Новый', 2, 46.08),
(10, 'order_2', '000072710', 'Амортизатор, 88270157601, VIKA', 'хар.: 8302 30 00 90 (Імп), кач.: Новый', 5, 26.76),
(11, 'order_2', '000075780', 'Амортизатор, 88271796001, VIKA', 'хар.: 8302 30 00 90 (Імп), кач.: Новый', 9, 46.81),
(12, 'order_2', '000081769', 'Блок, 99590390401, VIKA', 'хар.: 8536 50 11 90 (Імп), кач.: Новый', 3, 30.72),
(13, 'order_2', '000081778', 'Блок, 99591796801, VIKA', 'хар.: 8536 50 11 90 (Імп), кач.: Новый', 1, 46.08),
(14, 'order_3', '000081769', 'Блок, 99590390401, VIKA', 'хар.: 8536 50 11 90 (Імп), кач.: Новый', 8, 30.72),
(15, 'order_3', '000121952', 'Антена, BK2T15607AC, -', 'хар.: 8529 10 11 90 (Імп), кач.: Новый', 2, 44.25),
(16, 'order_3', '000072710', 'Амортизатор, 88270157601, VIKA', 'хар.: 8302 30 00 90 (Імп), кач.: Новый', 6, 26.76),
(17, 'order_4', '000099284', 'Блок, 99591047701, VIKA', 'хар.: 8536 50 15 90 (Імп), кач.: Новый', 4, 9.14),
(18, 'order_5', '000030013', 'Болт, 4840948020, -', 'хар.: 7318 15 82 90 (Імп), кач.: Новый', 1, 46.44),
(19, 'order_5', '000030008', 'Болт, 4840960020, -', 'хар.: 7318 15 82 90 (Імп), кач.: Новый', 5, 59.42),
(20, 'order_6', '000072710', 'Амортизатор, 88270157601, VIKA', 'хар.: 8302 30 00 90 (Імп), кач.: Новый', 1, 26.76),
(21, 'order_7', '000081778', 'Блок, 99591796801, VIKA', 'хар.: 8536 50 11 90 (Імп), кач.: Новый', 2, 46.08),
(22, 'order_7', '000030008', 'Болт, 4840960020, -', 'хар.: 7318 15 82 90 (Імп), кач.: Новый', 5, 59.42),
(23, 'order_7', '000099284', 'Блок, 99591047701, VIKA', 'хар.: 8536 50 15 90 (Імп), кач.: Новый', 1, 9.14),
(24, 'order_7', '000081769', 'Блок, 99590390401, VIKA', 'хар.: 8536 50 11 90 (Імп), кач.: Новый', 5, 30.72),
(25, 'order_7', '000030012', 'Болт, 4840942030, -', 'хар.: 7318 15 82 90 (Імп), кач.: Новый', 1, 41.51),
(26, 'order_7', '000075780', 'Амортизатор, 88271796001, VIKA', 'хар.: 8302 30 00 90 (Імп), кач.: Новый', 2, 46.81),
(27, 'order_8', '000099284', 'Блок, 99591047701, VIKA', 'хар.: 8536 50 15 90 (Імп), кач.: Новый', 1, 9.14),
(28, 'order_8', '000030013', 'Болт, 4840948020, -', 'хар.: 7318 15 82 90 (Імп), кач.: Новый', 6, 46.44),
(29, 'order_8', '000030013', 'Болт, 4840948020, -', 'хар.: 7318 15 82 90 (Імп), кач.: Новый', 7, 46.44),
(30, 'order_8', '000030008', 'Болт, 4840960020, -', 'хар.: 7318 15 82 90 (Імп), кач.: Новый', 7, 59.42),
(31, 'order_9', '000030008', 'Болт, 4840960020, -', 'хар.: 7318 15 82 90 (Імп), кач.: Новый', 4, 59.42),
(32, 'order_9', '000030005', 'Болт, 5221735180, -', 'хар.: 7318 15 82 90 (Імп), кач.: Новый', 10, 58.54),
(33, 'order_10', '000075780', 'Амортизатор, 88271796001, VIKA', 'хар.: 8302 30 00 90 (Імп), кач.: Новый', 9, 46.81),
(34, 'order_10', '000121952', 'Антена, BK2T15607AC, -', 'хар.: 8529 10 11 90 (Імп), кач.: Новый', 1, 44.25),
(35, 'order_10', '000072710', 'Амортизатор, 88270157601, VIKA', 'хар.: 8302 30 00 90 (Імп), кач.: Новый', 2, 26.76),
(36, 'order_10', '000081769', 'Блок, 99590390401, VIKA', 'хар.: 8536 50 11 90 (Імп), кач.: Новый', 6, 30.72),
(37, 'order_10', '000030012', 'Болт, 4840942030, -', 'хар.: 7318 15 82 90 (Імп), кач.: Новый', 8, 41.51),
(38, 'order_11', '000030013', 'Болт, 4840948020, -', 'хар.: 7318 15 82 90 (Імп), кач.: Новый', 6, 46.44),
(39, 'order_11', '000072710', 'Амортизатор, 88270157601, VIKA', 'хар.: 8302 30 00 90 (Імп), кач.: Новый', 2, 26.76),
(40, 'order_11', '000075780', 'Амортизатор, 88271796001, VIKA', 'хар.: 8302 30 00 90 (Імп), кач.: Новый', 1, 46.81),
(41, 'order_11', '000030012', 'Болт, 4840942030, -', 'хар.: 7318 15 82 90 (Імп), кач.: Новый', 5, 41.51),
(42, 'order_11', '000029971', 'Болт, 4840942020, -', 'хар.: 7318 15 82 90 (Імп), кач.: Новый', 6, 29.99),
(43, 'order_11', '000122074', 'Болт, 4C1Q6345AA, -', 'хар.: 7318 15 82 90 (Імп), кач.: Новый', 10, 13.9),
(44, 'order_11', '000030013', 'Болт, 4840948020, -', 'хар.: 7318 15 82 90 (Імп), кач.: Новый', 1, 46.44),
(45, 'order_12', '000030005', 'Болт, 5221735180, -', 'хар.: 7318 15 82 90 (Імп), кач.: Новый', 4, 58.54),
(46, 'order_12', '000030013', 'Болт, 4840948020, -', 'хар.: 7318 15 82 90 (Імп), кач.: Новый', 1, 46.44),
(47, 'order_13', '000030005', 'Болт, 5221735180, -', 'хар.: 7318 15 82 90 (Імп), кач.: Новый', 1, 58.54),
(48, 'order_13', '000030012', 'Болт, 4840942030, -', 'хар.: 7318 15 82 90 (Імп), кач.: Новый', 7, 41.51),
(49, 'order_13', '000029971', 'Болт, 4840942020, -', 'хар.: 7318 15 82 90 (Імп), кач.: Новый', 1, 29.99),
(50, 'order_13', '000030012', 'Болт, 4840942030, -', 'хар.: 7318 15 82 90 (Імп), кач.: Новый', 1, 41.51),
(51, 'order_13', '000029971', 'Болт, 4840942020, -', 'хар.: 7318 15 82 90 (Імп), кач.: Новый', 1, 29.99),
(52, 'order_14', '000030005', 'Болт, 5221735180, -', 'хар.: 7318 15 82 90 (Імп), кач.: Новый', 3, 58.54),
(53, 'order_14', '000030012', 'Болт, 4840942030, -', 'хар.: 7318 15 82 90 (Імп), кач.: Новый', 1, 41.51),
(54, 'order_14', '000030005', 'Болт, 5221735180, -', 'хар.: 7318 15 82 90 (Імп), кач.: Новый', 1, 58.54),
(55, 'order_14', '000030005', 'Болт, 5221735180, -', 'хар.: 7318 15 82 90 (Імп), кач.: Новый', 7, 58.54),
(56, 'order_14', '000030005', 'Болт, 5221735180, -', 'хар.: 7318 15 82 90 (Імп), кач.: Новый', 1, 58.54),
(57, 'order_14', '000030005', 'Болт, 5221735180, -', 'хар.: 7318 15 82 90 (Імп), кач.: Новый', 1, 58.54);

-- 
-- Вывод данных для таблицы orders
--
INSERT INTO orders VALUES
('order_1', '2023-12-23 10:23:35', 899.59, 1),
('order_10', '2023-12-23 11:27:41', 1035.46, 1),
('order_11', '2023-12-23 11:32:29', 951.9, 1),
('order_12', '2023-12-23 11:42:06', 280.6, 1),
('order_13', '2023-12-23 11:49:53', 450.6, 1),
('order_14', '2023-12-23 11:56:39', 802.53, 1),
('order_2', '2023-12-23 10:36:07', 1012.23, 1),
('order_3', '2023-12-23 10:40:19', 494.82, 1),
('order_4', '2023-12-23 10:45:11', 36.56, 1),
('order_5', '2023-12-23 10:46:49', 343.54, 1),
('order_6', '2023-12-23 10:49:38', 26.76, 1),
('order_7', '2023-12-23 10:55:31', 687.13, 1),
('order_8', '2023-12-23 11:07:23', 1028.8, 1),
('order_9', '2023-12-23 11:22:22', 823.08, 1);

-- 
-- Вывод данных для таблицы excel_data
--
INSERT INTO excel_data VALUES
(1, '000072710', 'Амортизатор, 88270157601, VIKA', 'хар.: 8302 30 00 90 (Імп), кач.: Новый', '16', '26.76', '428.16'),
(2, '000072728', 'Амортизатор, 88271239901, VIKA', 'хар.: 8302 30 00 90 (Імп), кач.: Новый', '6', '53.39', '320.34'),
(3, '000072735', 'Амортизатор, 88271793501, VIKA', 'хар.: 8302 30 00 90 (Імп), кач.: Новый', '1', '35.8', '35.8'),
(4, '000075780', 'Амортизатор, 88271796001, VIKA', 'хар.: 8302 30 00 90 (Імп), кач.: Новый', '21', '46.81', '983.01'),
(5, '000121952', 'Антена, BK2T15607AC, -', 'хар.: 8529 10 11 90 (Імп), кач.: Новый', '5', '44.25', '221.25'),
(6, '000121995', 'Бачок, BK213R700AB, -', 'хар.: 8708 99 97 98 (Імп), кач.: Новый', '2', '48.64', '97.28'),
(7, '000081769', 'Блок, 99590390401, VIKA', 'хар.: 8536 50 11 90 (Імп), кач.: Новый', '25', '30.72', '768'),
(8, '000099284', 'Блок, 99591047701, VIKA', 'хар.: 8536 50 15 90 (Імп), кач.: Новый', '6', '9.14', '54.84'),
(9, '000081778', 'Блок, 99591796801, VIKA', 'хар.: 8536 50 11 90 (Імп), кач.: Новый', '6', '46.08', '276.48'),
(10, '000029971', 'Болт, 4840942020, -', 'хар.: 7318 15 82 90 (Імп), кач.: Новый', '8', '29.99', '239.92'),
(11, '000030012', 'Болт, 4840942030, -', 'хар.: 7318 15 82 90 (Імп), кач.: Новый', '40', '41.51', '1660.4'),
(12, '000030013', 'Болт, 4840948020, -', 'хар.: 7318 15 82 90 (Імп), кач.: Новый', '30', '46.44', '1393.2'),
(13, '000030008', 'Болт, 4840960020, -', 'хар.: 7318 15 82 90 (Імп), кач.: Новый', '21', '59.42', '1247.82'),
(14, '000122074', 'Болт, 4C1Q6345AA, -', 'хар.: 7318 15 82 90 (Імп), кач.: Новый', '10', '13.9', '139'),
(15, '000122002', 'Болт, 4C1R7J090AA, -', 'хар.: 7318 15 82 90 (Імп), кач.: Новый', '3', '38.03', '114.09'),
(16, '000030005', 'Болт, 5221735180, -', 'хар.: 7318 15 82 90 (Імп), кач.: Новый', '29', '58.54', '1697.66'),
(17, NULL, NULL, NULL, NULL, NULL, NULL),
(18, NULL, NULL, NULL, NULL, NULL, '9677.25');

-- 
-- Восстановить предыдущий режим SQL (SQL mode)
--
/*!40101 SET SQL_MODE=@OLD_SQL_MODE */;

-- 
-- Включение внешних ключей
-- 
/*!40014 SET FOREIGN_KEY_CHECKS = @OLD_FOREIGN_KEY_CHECKS */;